id_comprovante,data_pagamento,empresa_pagadora,cnpj_pagadora,fornecedor,cnpj_fornecedor,numero_nf,valor,tipo_documento,centro_custo,forma_pagamento,banco,descricao,codigo_autenticacao,arquivo_pdf,pagina
CP-0001,2026-09-01,Empresa Gama Serviços S.A.,34.567.890/0001-32,Materiais Nova Via S.A.,22.333.444/0001-55,NF-202600001,18790.4,Comprovante de pagamento,CC-100 Obras,Transferência bancária,Banco Horizonte,Pagamento de nota fiscal de materiais,AUTH-81967819,2026/09-SETEMBRO/01-09/pagamentos_01-09-2026.pdf,1
CP-0002,2026-09-01,Empresa Épsilon Logística S.A.,56.789.012/0001-54,Locações Prime Ltda.,66.777.888/0001-99,NF-202600002,12350.0,Comprovante de pagamento,CC-200 Administrativo,TED,Banco Horizonte,Pagamento de serviços contratados,AUTH-85291046,2026/09-SETEMBRO/01-09/pagamentos_01-09-2026.pdf,2
CP-0003,2026-09-01,Empresa Gama Serviços S.A.,34.567.890/0001-32,Transportes Rota Sul Ltda.,44.555.666/0001-77,NF-202600003,4890.0,Comprovante de pagamento,CC-400 Logística,TED,Banco Central Fictício,Pagamento de nota fiscal de materiais,AUTH-60679913,2026/09-SETEMBRO/01-09/pagamentos_01-09-2026.pdf,3
CP-0004,2026-09-01,Empresa Alfa Engenharia S.A.,12.345.678/0001-10,Fornecedor Horizonte Ltda.,11.222.333/0001-44,NF-202600004,12350.0,Comprovante de pagamento,CC-100 Obras,Pagamento eletrônico,Banco Aurora,Pagamento de nota fiscal de materiais,AUTH-99541769,2026/09-SETEMBRO/01-09/pagamentos_01-09-2026.pdf,4
CP-0005,2026-09-01,Empresa Beta Infraestrutura Ltda.,23.456.789/0001-21,Serviços Técnicos Orion Ltda.,33.444.555/0001-66,NF-202600005,1250.0,Comprovante de pagamento,CC-400 Logística,Transferência bancária,Banco Horizonte,Pagamento de consultoria,AUTH-45610876,2026/09-SETEMBRO/01-09/pagamentos_01-09-2026.pdf,5
CP-0006,2026-09-01,Empresa Delta Participações Ltda.,45.678.901/0001-43,Fornecedor Horizonte Ltda.,11.222.333/0001-44,NF-202600006,8500.0,Comprovante de pagamento,CC-400 Logística,Transferência bancária,Banco Central Fictício,Pagamento de serviços contratados,AUTH-95732454,2026/09-SETEMBRO/01-09/pagamentos_01-09-2026.pdf,6
CP-0007,2026-09-02,Empresa Épsilon Logística S.A.,56.789.012/0001-54,Locações Prime Ltda.,66.777.888/0001-99,NF-202600007,1250.0,Comprovante de pagamento,CC-400 Logística,Pagamento eletrônico,Banco Central Fictício,Pagamento de serviços de tecnologia,AUTH-95678324,2026/09-SETEMBRO/02-09/pagamentos_02-09-2026.pdf,1
CP-0008,2026-09-02,Empresa Épsilon Logística S.A.,56.789.012/0001-54,Suprimentos Central Ltda.,88.999.000/0001-11,NF-202600008,32750.9,Comprovante de pagamento,CC-300 Tecnologia,Pagamento eletrônico,Banco Aurora,Pagamento de consultoria,AUTH-96631014,2026/09-SETEMBRO/02-09/pagamentos_02-09-2026.pdf,2
CP-0009,2026-09-02,Empresa Beta Infraestrutura Ltda.,23.456.789/0001-21,Materiais Nova Via S.A.,22.333.444/0001-55,NF-202600009,24500.0,Comprovante de pagamento,CC-200 Administrativo,Transferência bancária,Banco Horizonte,Pagamento de transporte,AUTH-84383956,2026/09-SETEMBRO/02-09/pagamentos_02-09-2026.pdf,3
CP-0010,2026-09-02,Empresa Delta Participações Ltda.,45.678.901/0001-43,Materiais Nova Via S.A.,22.333.444/0001-55,NF-202600010,97200.0,Comprovante de pagamento,CC-400 Logística,Pagamento eletrônico,Banco Horizonte,Pagamento de consultoria,AUTH-12188862,2026/09-SETEMBRO/02-09/pagamentos_02-09-2026.pdf,4
CP-0011,2026-09-02,Empresa Beta Infraestrutura Ltda.,23.456.789/0001-21,Materiais Nova Via S.A.,22.333.444/0001-55,NF-202600011,68500.0,Comprovante de pagamento,CC-100 Obras,Transferência bancária,Banco Aurora,Pagamento de transporte,AUTH-64454662,2026/09-SETEMBRO/02-09/pagamentos_02-09-2026.pdf,5
CP-0012,2026-09-02,Empresa Épsilon Logística S.A.,56.789.012/0001-54,Fornecedor Horizonte Ltda.,11.222.333/0001-44,NF-202600012,68500.0,Comprovante de pagamento,CC-400 Logística,Transferência bancária,Banco Central Fictício,Pagamento de serviços de tecnologia,AUTH-41322818,2026/09-SETEMBRO/02-09/pagamentos_02-09-2026.pdf,6
CP-0013,2026-09-02,Empresa Épsilon Logística S.A.,56.789.012/0001-54,Suprimentos Central Ltda.,88.999.000/0001-11,NF-202600013,4890.0,Comprovante de pagamento,CC-400 Logística,PIX,Banco Horizonte,Pagamento de locação de equipamentos,AUTH-15923009,2026/09-SETEMBRO/02-09/pagamentos_02-09-2026.pdf,7
CP-0014,2026-09-02,Empresa Alfa Engenharia S.A.,12.345.678/0001-10,Serviços Técnicos Orion Ltda.,33.444.555/0001-66,NF-202600014,24500.0,Comprovante de pagamento,CC-100 Obras,PIX,Banco Horizonte,Pagamento de transporte,AUTH-46497806,2026/09-SETEMBRO/02-09/pagamentos_02-09-2026.pdf,8
CP-0015,2026-09-02,Empresa Delta Participações Ltda.,45.678.901/0001-43,Consultoria Prisma S.A.,77.888.999/0001-00,NF-202600015,1250.0,Comprovante de pagamento,CC-100 Obras,TED,Banco Horizonte,Pagamento de consultoria,AUTH-21917045,2026/09-SETEMBRO/02-09/pagamentos_02-09-2026.pdf,9
CP-0016,2026-09-02,Empresa Alfa Engenharia S.A.,12.345.678/0001-10,Consultoria Prisma S.A.,77.888.999/0001-00,NF-202600016,1250.0,Comprovante de pagamento,CC-100 Obras,Pagamento eletrônico,Banco Central Fictício,Pagamento de consultoria,AUTH-95240756,2026/09-SETEMBRO/02-09/pagamentos_02-09-2026.pdf,10
CP-0017,2026-09-03,Empresa Alfa Engenharia S.A.,12.345.678/0001-10,Locações Prime Ltda.,66.777.888/0001-99,NF-202600017,8500.0,Comprovante de pagamento,CC-100 Obras,Pagamento eletrônico,Banco Horizonte,Pagamento de consultoria,AUTH-65575747,2026/09-SETEMBRO/03-09/pagamentos_03-09-2026.pdf,1
CP-0018,2026-09-03,Empresa Gama Serviços S.A.,34.567.890/0001-32,Fornecedor Horizonte Ltda.,11.222.333/0001-44,NF-202600018,68500.0,Comprovante de pagamento,CC-400 Logística,PIX,Banco Central Fictício,Pagamento de nota fiscal de materiais,AUTH-29325229,2026/09-SETEMBRO/03-09/pagamentos_03-09-2026.pdf,2
CP-0019,2026-09-03,Empresa Gama Serviços S.A.,34.567.890/0001-32,Transportes Rota Sul Ltda.,44.555.666/0001-77,NF-202600019,97200.0,Comprovante de pagamento,CC-100 Obras,TED,Banco Horizonte,Pagamento de consultoria,AUTH-82146911,2026/09-SETEMBRO/03-09/pagamentos_03-09-2026.pdf,3
CP-0020,2026-09-03,Empresa Gama Serviços S.A.,34.567.890/0001-32,Serviços Técnicos Orion Ltda.,33.444.555/0001-66,NF-202600020,68500.0,Comprovante de pagamento,CC-400 Logística,Transferência bancária,Banco Aurora,Pagamento de transporte,AUTH-81795820,2026/09-SETEMBRO/03-09/pagamentos_03-09-2026.pdf,4
CP-0021,2026-09-03,Empresa Gama Serviços S.A.,34.567.890/0001-32,Materiais Nova Via S.A.,22.333.444/0001-55,NF-202600021,68500.0,Comprovante de pagamento,CC-400 Logística,PIX,Banco Aurora,Pagamento de locação de equipamentos,AUTH-28255730,2026/09-SETEMBRO/03-09/pagamentos_03-09-2026.pdf,5
CP-0022,2026-09-03,Empresa Delta Participações Ltda.,45.678.901/0001-43,Fornecedor Horizonte Ltda.,11.222.333/0001-44,NF-202600022,12350.0,Comprovante de pagamento,CC-400 Logística,Pagamento eletrônico,Banco Horizonte,Pagamento de transporte,AUTH-13792729,2026/09-SETEMBRO/03-09/pagamentos_03-09-2026.pdf,6
CP-0023,2026-09-03,Empresa Beta Infraestrutura Ltda.,23.456.789/0001-21,Locações Prime Ltda.,66.777.888/0001-99,NF-202600023,32750.9,Comprovante de pagamento,CC-300 Tecnologia,PIX,Banco Aurora,Pagamento de consultoria,AUTH-83210098,2026/09-SETEMBRO/03-09/pagamentos_03-09-2026.pdf,7
CP-0024,2026-09-03,Empresa Gama Serviços S.A.,34.567.890/0001-32,Transportes Rota Sul Ltda.,44.555.666/0001-77,NF-202600024,45800.0,Comprovante de pagamento,CC-100 Obras,Transferência bancária,Banco Central Fictício,Pagamento de transporte,AUTH-42647023,2026/09-SETEMBRO/03-09/pagamentos_03-09-2026.pdf,8
CP-0025,2026-09-03,Empresa Beta Infraestrutura Ltda.,23.456.789/0001-21,Locações Prime Ltda.,66.777.888/0001-99,NF-202600025,8500.0,Comprovante de pagamento,CC-100 Obras,Pagamento eletrônico,Banco Aurora,Pagamento de consultoria,AUTH-36453625,2026/09-SETEMBRO/03-09/pagamentos_03-09-2026.pdf,9
CP-0026,2026-09-04,Empresa Beta Infraestrutura Ltda.,23.456.789/0001-21,Fornecedor Horizonte Ltda.,11.222.333/0001-44,NF-202600026,7250.75,Comprovante de pagamento,CC-200 Administrativo,Transferência bancária,Banco Central Fictício,Pagamento de nota fiscal de materiais,AUTH-52550805,2026/09-SETEMBRO/04-09/pagamentos_04-09-2026.pdf,1
CP-0027,2026-09-04,Empresa Alfa Engenharia S.A.,12.345.678/0001-10,Locações Prime Ltda.,66.777.888/0001-99,NF-202600027,32750.9,Comprovante de pagamento,CC-200 Administrativo,PIX,Banco Horizonte,Pagamento de locação de equipamentos,AUTH-63466453,2026/09-SETEMBRO/04-09/pagamentos_04-09-2026.pdf,2
CP-0028,2026-09-04,Empresa Alfa Engenharia S.A.,12.345.678/0001-10,Tecnologia Nuvem Azul S.A.,55.666.777/0001-88,NF-202600028,97200.0,Comprovante de pagamento,CC-300 Tecnologia,Pagamento eletrônico,Banco Aurora,Pagamento de locação de equipamentos,AUTH-77277649,2026/09-SETEMBRO/04-09/pagamentos_04-09-2026.pdf,3
CP-0029,2026-09-04,Empresa Beta Infraestrutura Ltda.,23.456.789/0001-21,Fornecedor Horizonte Ltda.,11.222.333/0001-44,NF-202600029,45800.0,Comprovante de pagamento,CC-300 Tecnologia,Pagamento eletrônico,Banco Central Fictício,Pagamento de serviços de tecnologia,AUTH-26417018,2026/09-SETEMBRO/04-09/pagamentos_04-09-2026.pdf,4
CP-0030,2026-09-04,Empresa Alfa Engenharia S.A.,12.345.678/0001-10,Locações Prime Ltda.,66.777.888/0001-99,NF-202600030,24500.0,Comprovante de pagamento,CC-400 Logística,Transferência bancária,Banco Horizonte,Pagamento de transporte,AUTH-39070799,2026/09-SETEMBRO/04-09/pagamentos_04-09-2026.pdf,5
CP-0031,2026-09-04,Empresa Delta Participações Ltda.,45.678.901/0001-43,Locações Prime Ltda.,66.777.888/0001-99,NF-202600031,7250.75,Comprovante de pagamento,CC-400 Logística,PIX,Banco Horizonte,Pagamento de nota fiscal de materiais,AUTH-60376621,2026/09-SETEMBRO/04-09/pagamentos_04-09-2026.pdf,6
CP-0032,2026-09-04,Empresa Épsilon Logística S.A.,56.789.012/0001-54,Tecnologia Nuvem Azul S.A.,55.666.777/0001-88,NF-202600032,4890.0,Comprovante de pagamento,CC-300 Tecnologia,Pagamento eletrônico,Banco Horizonte,Pagamento de nota fiscal de materiais,AUTH-26418423,2026/09-SETEMBRO/04-09/pagamentos_04-09-2026.pdf,7
CP-0033,2026-09-04,Empresa Gama Serviços S.A.,34.567.890/0001-32,Locações Prime Ltda.,66.777.888/0001-99,NF-202600033,1250.0,Comprovante de pagamento,CC-100 Obras,Pagamento eletrônico,Banco Horizonte,Pagamento de consultoria,AUTH-50065886,2026/09-SETEMBRO/04-09/pagamentos_04-09-2026.pdf,8
CP-0034,2026-09-04,Empresa Alfa Engenharia S.A.,12.345.678/0001-10,Suprimentos Central Ltda.,88.999.000/0001-11,NF-202600034,45800.0,Comprovante de pagamento,CC-200 Administrativo,Transferência bancária,Banco Horizonte,Pagamento de serviços de tecnologia,AUTH-45690415,2026/09-SETEMBRO/04-09/pagamentos_04-09-2026.pdf,9
CP-0035,2026-09-04,Empresa Delta Participações Ltda.,45.678.901/0001-43,Locações Prime Ltda.,66.777.888/0001-99,NF-202600035,7250.75,Comprovante de pagamento,CC-300 Tecnologia,Pagamento eletrônico,Banco Aurora,Pagamento de transporte,AUTH-34455253,2026/09-SETEMBRO/04-09/pagamentos_04-09-2026.pdf,10
CP-0036,2026-09-08,Empresa Alfa Engenharia S.A.,12.345.678/0001-10,Consultoria Prisma S.A.,77.888.999/0001-00,NF-202600036,68500.0,Comprovante de pagamento,CC-200 Administrativo,Pagamento eletrônico,Banco Central Fictício,Pagamento de locação de equipamentos,AUTH-15739159,2026/09-SETEMBRO/08-09/pagamentos_08-09-2026.pdf,1
CP-0037,2026-09-08,Empresa Delta Participações Ltda.,45.678.901/0001-43,Serviços Técnicos Orion Ltda.,33.444.555/0001-66,NF-202600037,12350.0,Comprovante de pagamento,CC-200 Administrativo,Transferência bancária,Banco Aurora,Pagamento de consultoria,AUTH-72197343,2026/09-SETEMBRO/08-09/pagamentos_08-09-2026.pdf,2
CP-0038,2026-09-08,Empresa Épsilon Logística S.A.,56.789.012/0001-54,Tecnologia Nuvem Azul S.A.,55.666.777/0001-88,NF-202600038,97200.0,Comprovante de pagamento,CC-300 Tecnologia,TED,Banco Horizonte,Pagamento de serviços de tecnologia,AUTH-40544878,2026/09-SETEMBRO/08-09/pagamentos_08-09-2026.pdf,3
CP-0039,2026-09-08,Empresa Alfa Engenharia S.A.,12.345.678/0001-10,Tecnologia Nuvem Azul S.A.,55.666.777/0001-88,NF-202600039,8500.0,Comprovante de pagamento,CC-400 Logística,PIX,Banco Horizonte,Pagamento de transporte,AUTH-15825902,2026/09-SETEMBRO/08-09/pagamentos_08-09-2026.pdf,4
CP-0040,2026-09-08,Empresa Épsilon Logística S.A.,56.789.012/0001-54,Fornecedor Horizonte Ltda.,11.222.333/0001-44,NF-202600040,24500.0,Comprovante de pagamento,CC-200 Administrativo,PIX,Banco Horizonte,Pagamento de nota fiscal de materiais,AUTH-80433732,2026/09-SETEMBRO/08-09/pagamentos_08-09-2026.pdf,5
CP-0041,2026-09-08,Empresa Beta Infraestrutura Ltda.,23.456.789/0001-21,Transportes Rota Sul Ltda.,44.555.666/0001-77,NF-202600041,8500.0,Comprovante de pagamento,CC-400 Logística,Pagamento eletrônico,Banco Horizonte,Pagamento de serviços contratados,AUTH-80841518,2026/09-SETEMBRO/08-09/pagamentos_08-09-2026.pdf,6
CP-0042,2026-09-09,Empresa Alfa Engenharia S.A.,12.345.678/0001-10,Suprimentos Central Ltda.,88.999.000/0001-11,NF-202600042,45800.0,Comprovante de pagamento,CC-200 Administrativo,Transferência bancária,Banco Aurora,Pagamento de consultoria,AUTH-95293755,2026/09-SETEMBRO/09-09/pagamentos_09-09-2026.pdf,1
CP-0043,2026-09-09,Empresa Delta Participações Ltda.,45.678.901/0001-43,Consultoria Prisma S.A.,77.888.999/0001-00,NF-202600043,24500.0,Comprovante de pagamento,CC-100 Obras,TED,Banco Horizonte,Pagamento de consultoria,AUTH-97790273,2026/09-SETEMBRO/09-09/pagamentos_09-09-2026.pdf,2
CP-0044,2026-09-09,Empresa Delta Participações Ltda.,45.678.901/0001-43,Locações Prime Ltda.,66.777.888/0001-99,NF-202600044,4890.0,Comprovante de pagamento,CC-200 Administrativo,Pagamento eletrônico,Banco Aurora,Pagamento de serviços contratados,AUTH-42388284,2026/09-SETEMBRO/09-09/pagamentos_09-09-2026.pdf,3
CP-0045,2026-09-09,Empresa Alfa Engenharia S.A.,12.345.678/0001-10,Transportes Rota Sul Ltda.,44.555.666/0001-77,NF-202600045,7250.75,Comprovante de pagamento,CC-400 Logística,TED,Banco Aurora,Pagamento de nota fiscal de materiais,AUTH-65327650,2026/09-SETEMBRO/09-09/pagamentos_09-09-2026.pdf,4
CP-0046,2026-09-09,Empresa Gama Serviços S.A.,34.567.890/0001-32,Fornecedor Horizonte Ltda.,11.222.333/0001-44,NF-202600046,1250.0,Comprovante de pagamento,CC-400 Logística,PIX,Banco Horizonte,Pagamento de serviços de tecnologia,AUTH-34954827,2026/09-SETEMBRO/09-09/pagamentos_09-09-2026.pdf,5
CP-0047,2026-09-09,Empresa Gama Serviços S.A.,34.567.890/0001-32,Materiais Nova Via S.A.,22.333.444/0001-55,NF-202600047,8500.0,Comprovante de pagamento,CC-200 Administrativo,Transferência bancária,Banco Aurora,Pagamento de consultoria,AUTH-58524112,2026/09-SETEMBRO/09-09/pagamentos_09-09-2026.pdf,6
CP-0048,2026-09-10,Empresa Beta Infraestrutura Ltda.,23.456.789/0001-21,Suprimentos Central Ltda.,88.999.000/0001-11,NF-202600048,7250.75,Comprovante de pagamento,CC-200 Administrativo,Pagamento eletrônico,Banco Central Fictício,Pagamento de consultoria,AUTH-68331455,2026/09-SETEMBRO/10-09/pagamentos_10-09-2026.pdf,1
CP-0049,2026-09-10,Empresa Delta Participações Ltda.,45.678.901/0001-43,Transportes Rota Sul Ltda.,44.555.666/0001-77,NF-202600049,18790.4,Comprovante de pagamento,CC-400 Logística,TED,Banco Horizonte,Pagamento de nota fiscal de materiais,AUTH-28686148,2026/09-SETEMBRO/10-09/pagamentos_10-09-2026.pdf,2
CP-0050,2026-09-10,Empresa Delta Participações Ltda.,45.678.901/0001-43,Materiais Nova Via S.A.,22.333.444/0001-55,NF-202600050,4890.0,Comprovante de pagamento,CC-400 Logística,TED,Banco Central Fictício,Pagamento de transporte,AUTH-92491511,2026/09-SETEMBRO/10-09/pagamentos_10-09-2026.pdf,3
CP-0051,2026-09-10,Empresa Alfa Engenharia S.A.,12.345.678/0001-10,Suprimentos Central Ltda.,88.999.000/0001-11,NF-202600051,32750.9,Comprovante de pagamento,CC-300 Tecnologia,Transferência bancária,Banco Aurora,Pagamento de transporte,AUTH-62423596,2026/09-SETEMBRO/10-09/pagamentos_10-09-2026.pdf,4
CP-0052,2026-09-10,Empresa Alfa Engenharia S.A.,12.345.678/0001-10,Materiais Nova Via S.A.,22.333.444/0001-55,NF-202600052,32750.9,Comprovante de pagamento,CC-300 Tecnologia,TED,Banco Aurora,Pagamento de serviços de tecnologia,AUTH-99757455,2026/09-SETEMBRO/10-09/pagamentos_10-09-2026.pdf,5
CP-0053,2026-09-10,Empresa Beta Infraestrutura Ltda.,23.456.789/0001-21,Consultoria Prisma S.A.,77.888.999/0001-00,NF-202600053,4890.0,Comprovante de pagamento,CC-200 Administrativo,Pagamento eletrônico,Banco Aurora,Pagamento de locação de equipamentos,AUTH-10713407,2026/09-SETEMBRO/10-09/pagamentos_10-09-2026.pdf,6
CP-0054,2026-09-10,Empresa Beta Infraestrutura Ltda.,23.456.789/0001-21,Materiais Nova Via S.A.,22.333.444/0001-55,NF-202600054,12350.0,Comprovante de pagamento,CC-100 Obras,TED,Banco Aurora,Pagamento de serviços contratados,AUTH-71418878,2026/09-SETEMBRO/10-09/pagamentos_10-09-2026.pdf,7
CP-0055,2026-09-10,Empresa Delta Participações Ltda.,45.678.901/0001-43,Transportes Rota Sul Ltda.,44.555.666/0001-77,NF-202600055,68500.0,Comprovante de pagamento,CC-100 Obras,Pagamento eletrônico,Banco Aurora,Pagamento de nota fiscal de materiais,AUTH-25352696,2026/09-SETEMBRO/10-09/pagamentos_10-09-2026.pdf,8
CP-0056,2026-09-10,Empresa Delta Participações Ltda.,45.678.901/0001-43,Materiais Nova Via S.A.,22.333.444/0001-55,NF-202600056,4890.0,Comprovante de pagamento,CC-300 Tecnologia,TED,Banco Aurora,Pagamento de locação de equipamentos,AUTH-42097049,2026/09-SETEMBRO/10-09/pagamentos_10-09-2026.pdf,9
CP-0057,2026-09-10,Empresa Beta Infraestrutura Ltda.,23.456.789/0001-21,Consultoria Prisma S.A.,77.888.999/0001-00,NF-202600057,12350.0,Comprovante de pagamento,CC-100 Obras,PIX,Banco Aurora,Pagamento de serviços de tecnologia,AUTH-49149391,2026/09-SETEMBRO/10-09/pagamentos_10-09-2026.pdf,10
CP-0058,2026-09-10,Empresa Gama Serviços S.A.,34.567.890/0001-32,Consultoria Prisma S.A.,77.888.999/0001-00,NF-202600058,12350.0,Comprovante de pagamento,CC-100 Obras,PIX,Banco Central Fictício,Pagamento de nota fiscal de materiais,AUTH-18670861,2026/09-SETEMBRO/10-09/pagamentos_10-09-2026.pdf,11
CP-0059,2026-09-10,Empresa Alfa Engenharia S.A.,12.345.678/0001-10,Transportes Rota Sul Ltda.,44.555.666/0001-77,NF-202600059,8500.0,Comprovante de pagamento,CC-200 Administrativo,PIX,Banco Aurora,Pagamento de consultoria,AUTH-91160599,2026/09-SETEMBRO/10-09/pagamentos_10-09-2026.pdf,12
CP-0060,2026-09-11,Empresa Épsilon Logística S.A.,56.789.012/0001-54,Tecnologia Nuvem Azul S.A.,55.666.777/0001-88,NF-202600060,18790.4,Comprovante de pagamento,CC-300 Tecnologia,Transferência bancária,Banco Aurora,Pagamento de serviços de tecnologia,AUTH-65950836,2026/09-SETEMBRO/11-09/pagamentos_11-09-2026.pdf,1
CP-0061,2026-09-11,Empresa Alfa Engenharia S.A.,12.345.678/0001-10,Tecnologia Nuvem Azul S.A.,55.666.777/0001-88,NF-202600061,12350.0,Comprovante de pagamento,CC-100 Obras,Transferência bancária,Banco Central Fictício,Pagamento de transporte,AUTH-10389080,2026/09-SETEMBRO/11-09/pagamentos_11-09-2026.pdf,2
CP-0062,2026-09-11,Empresa Gama Serviços S.A.,34.567.890/0001-32,Materiais Nova Via S.A.,22.333.444/0001-55,NF-202600062,18790.4,Comprovante de pagamento,CC-300 Tecnologia,PIX,Banco Aurora,Pagamento de locação de equipamentos,AUTH-90038034,2026/09-SETEMBRO/11-09/pagamentos_11-09-2026.pdf,3
CP-0063,2026-09-11,Empresa Épsilon Logística S.A.,56.789.012/0001-54,Transportes Rota Sul Ltda.,44.555.666/0001-77,NF-202600063,18790.4,Comprovante de pagamento,CC-200 Administrativo,TED,Banco Central Fictício,Pagamento de serviços contratados,AUTH-58085805,2026/09-SETEMBRO/11-09/pagamentos_11-09-2026.pdf,4
CP-0064,2026-09-11,Empresa Delta Participações Ltda.,45.678.901/0001-43,Suprimentos Central Ltda.,88.999.000/0001-11,NF-202600064,8500.0,Comprovante de pagamento,CC-400 Logística,PIX,Banco Horizonte,Pagamento de nota fiscal de materiais,AUTH-14176548,2026/09-SETEMBRO/11-09/pagamentos_11-09-2026.pdf,5
CP-0065,2026-09-11,Empresa Beta Infraestrutura Ltda.,23.456.789/0001-21,Transportes Rota Sul Ltda.,44.555.666/0001-77,NF-202600065,12350.0,Comprovante de pagamento,CC-100 Obras,PIX,Banco Central Fictício,Pagamento de serviços contratados,AUTH-91160558,2026/09-SETEMBRO/11-09/pagamentos_11-09-2026.pdf,6
CP-0066,2026-09-11,Empresa Alfa Engenharia S.A.,12.345.678/0001-10,Tecnologia Nuvem Azul S.A.,55.666.777/0001-88,NF-202600066,2380.5,Comprovante de pagamento,CC-300 Tecnologia,TED,Banco Horizonte,Pagamento de nota fiscal de materiais,AUTH-58472960,2026/09-SETEMBRO/11-09/pagamentos_11-09-2026.pdf,7
CP-0067,2026-09-11,Empresa Beta Infraestrutura Ltda.,23.456.789/0001-21,Tecnologia Nuvem Azul S.A.,55.666.777/0001-88,NF-202600067,18790.4,Comprovante de pagamento,CC-300 Tecnologia,TED,Banco Central Fictício,Pagamento de consultoria,AUTH-26022645,2026/09-SETEMBRO/11-09/pagamentos_11-09-2026.pdf,8
CP-0068,2026-09-11,Empresa Épsilon Logística S.A.,56.789.012/0001-54,Materiais Nova Via S.A.,22.333.444/0001-55,NF-202600068,12350.0,Comprovante de pagamento,CC-300 Tecnologia,Transferência bancária,Banco Aurora,Pagamento de locação de equipamentos,AUTH-10718164,2026/09-SETEMBRO/11-09/pagamentos_11-09-2026.pdf,9
CP-0069,2026-09-11,Empresa Alfa Engenharia S.A.,12.345.678/0001-10,Materiais Nova Via S.A.,22.333.444/0001-55,NF-202600069,45800.0,Comprovante de pagamento,CC-400 Logística,TED,Banco Horizonte,Pagamento de locação de equipamentos,AUTH-34198766,2026/09-SETEMBRO/11-09/pagamentos_11-09-2026.pdf,10
CP-0070,2026-09-11,Empresa Beta Infraestrutura Ltda.,23.456.789/0001-21,Consultoria Prisma S.A.,77.888.999/0001-00,NF-202600070,1250.0,Comprovante de pagamento,CC-200 Administrativo,Pagamento eletrônico,Banco Aurora,Pagamento de serviços contratados,AUTH-65996713,2026/09-SETEMBRO/11-09/pagamentos_11-09-2026.pdf,11
CP-0071,2026-09-11,Empresa Beta Infraestrutura Ltda.,23.456.789/0001-21,Materiais Nova Via S.A.,22.333.444/0001-55,NF-202600071,4890.0,Comprovante de pagamento,CC-400 Logística,Transferência bancária,Banco Horizonte,Pagamento de serviços contratados,AUTH-51013695,2026/09-SETEMBRO/11-09/pagamentos_11-09-2026.pdf,12
CP-0072,2026-09-14,Empresa Alfa Engenharia S.A.,12.345.678/0001-10,Materiais Nova Via S.A.,22.333.444/0001-55,NF-202600072,45800.0,Comprovante de pagamento,CC-300 Tecnologia,Pagamento eletrônico,Banco Aurora,Pagamento de consultoria,AUTH-95645644,2026/09-SETEMBRO/14-09/pagamentos_14-09-2026.pdf,1
CP-0073,2026-09-14,Empresa Épsilon Logística S.A.,56.789.012/0001-54,Transportes Rota Sul Ltda.,44.555.666/0001-77,NF-202600073,8500.0,Comprovante de pagamento,CC-300 Tecnologia,Transferência bancária,Banco Central Fictício,Pagamento de nota fiscal de materiais,AUTH-29497341,2026/09-SETEMBRO/14-09/pagamentos_14-09-2026.pdf,2
CP-0074,2026-09-14,Empresa Gama Serviços S.A.,34.567.890/0001-32,Tecnologia Nuvem Azul S.A.,55.666.777/0001-88,NF-202600074,7250.75,Comprovante de pagamento,CC-200 Administrativo,Pagamento eletrônico,Banco Aurora,Pagamento de locação de equipamentos,AUTH-66736797,2026/09-SETEMBRO/14-09/pagamentos_14-09-2026.pdf,3
CP-0075,2026-09-14,Empresa Alfa Engenharia S.A.,12.345.678/0001-10,Serviços Técnicos Orion Ltda.,33.444.555/0001-66,NF-202600075,4890.0,Comprovante de pagamento,CC-200 Administrativo,TED,Banco Horizonte,Pagamento de nota fiscal de materiais,AUTH-87616828,2026/09-SETEMBRO/14-09/pagamentos_14-09-2026.pdf,4
CP-0076,2026-09-14,Empresa Beta Infraestrutura Ltda.,23.456.789/0001-21,Consultoria Prisma S.A.,77.888.999/0001-00,NF-202600076,45800.0,Comprovante de pagamento,CC-300 Tecnologia,Pagamento eletrônico,Banco Aurora,Pagamento de nota fiscal de materiais,AUTH-22038102,2026/09-SETEMBRO/14-09/pagamentos_14-09-2026.pdf,5
CP-0077,2026-09-14,Empresa Delta Participações Ltda.,45.678.901/0001-43,Fornecedor Horizonte Ltda.,11.222.333/0001-44,NF-202600077,32750.9,Comprovante de pagamento,CC-100 Obras,Transferência bancária,Banco Central Fictício,Pagamento de serviços contratados,AUTH-14782959,2026/09-SETEMBRO/14-09/pagamentos_14-09-2026.pdf,6
CP-0078,2026-09-15,Empresa Épsilon Logística S.A.,56.789.012/0001-54,Materiais Nova Via S.A.,22.333.444/0001-55,NF-202600078,97200.0,Comprovante de pagamento,CC-400 Logística,TED,Banco Horizonte,Pagamento de serviços de tecnologia,AUTH-92579447,2026/09-SETEMBRO/15-09/pagamentos_15-09-2026.pdf,1
CP-0079,2026-09-15,Empresa Delta Participações Ltda.,45.678.901/0001-43,Locações Prime Ltda.,66.777.888/0001-99,NF-202600079,68500.0,Comprovante de pagamento,CC-400 Logística,PIX,Banco Central Fictício,Pagamento de locação de equipamentos,AUTH-23949606,2026/09-SETEMBRO/15-09/pagamentos_15-09-2026.pdf,2
CP-0080,2026-09-15,Empresa Alfa Engenharia S.A.,12.345.678/0001-10,Fornecedor Horizonte Ltda.,11.222.333/0001-44,NF-202600080,7250.75,Comprovante de pagamento,CC-200 Administrativo,PIX,Banco Central Fictício,Pagamento de serviços de tecnologia,AUTH-88346834,2026/09-SETEMBRO/15-09/pagamentos_15-09-2026.pdf,3
CP-0081,2026-09-15,Empresa Gama Serviços S.A.,34.567.890/0001-32,Locações Prime Ltda.,66.777.888/0001-99,NF-202600081,32750.9,Comprovante de pagamento,CC-300 Tecnologia,Pagamento eletrônico,Banco Horizonte,Pagamento de transporte,AUTH-34699901,2026/09-SETEMBRO/15-09/pagamentos_15-09-2026.pdf,4
CP-0082,2026-09-15,Empresa Épsilon Logística S.A.,56.789.012/0001-54,Materiais Nova Via S.A.,22.333.444/0001-55,NF-202600082,1250.0,Comprovante de pagamento,CC-100 Obras,PIX,Banco Central Fictício,Pagamento de locação de equipamentos,AUTH-43056634,2026/09-SETEMBRO/15-09/pagamentos_15-09-2026.pdf,5
CP-0083,2026-09-15,Empresa Épsilon Logística S.A.,56.789.012/0001-54,Suprimentos Central Ltda.,88.999.000/0001-11,NF-202600083,1250.0,Comprovante de pagamento,CC-300 Tecnologia,Transferência bancária,Banco Horizonte,Pagamento de locação de equipamentos,AUTH-96958380,2026/09-SETEMBRO/15-09/pagamentos_15-09-2026.pdf,6
CP-0084,2026-09-15,Empresa Gama Serviços S.A.,34.567.890/0001-32,Locações Prime Ltda.,66.777.888/0001-99,NF-202600084,7250.75,Comprovante de pagamento,CC-100 Obras,PIX,Banco Aurora,Pagamento de transporte,AUTH-88641874,2026/09-SETEMBRO/15-09/pagamentos_15-09-2026.pdf,7
CP-0085,2026-09-16,Empresa Delta Participações Ltda.,45.678.901/0001-43,Locações Prime Ltda.,66.777.888/0001-99,NF-202600085,18790.4,Comprovante de pagamento,CC-100 Obras,PIX,Banco Central Fictício,Pagamento de serviços de tecnologia,AUTH-19776068,2026/09-SETEMBRO/16-09/pagamentos_16-09-2026.pdf,1
CP-0086,2026-09-16,Empresa Beta Infraestrutura Ltda.,23.456.789/0001-21,Consultoria Prisma S.A.,77.888.999/0001-00,NF-202600086,4890.0,Comprovante de pagamento,CC-400 Logística,TED,Banco Aurora,Pagamento de consultoria,AUTH-94172789,2026/09-SETEMBRO/16-09/pagamentos_16-09-2026.pdf,2
CP-0087,2026-09-16,Empresa Épsilon Logística S.A.,56.789.012/0001-54,Suprimentos Central Ltda.,88.999.000/0001-11,NF-202600087,12350.0,Comprovante de pagamento,CC-400 Logística,Transferência bancária,Banco Horizonte,Pagamento de serviços de tecnologia,AUTH-55344471,2026/09-SETEMBRO/16-09/pagamentos_16-09-2026.pdf,3
CP-0088,2026-09-16,Empresa Delta Participações Ltda.,45.678.901/0001-43,Serviços Técnicos Orion Ltda.,33.444.555/0001-66,NF-202600088,7250.75,Comprovante de pagamento,CC-100 Obras,TED,Banco Central Fictício,Pagamento de serviços de tecnologia,AUTH-29288641,2026/09-SETEMBRO/16-09/pagamentos_16-09-2026.pdf,4
CP-0089,2026-09-16,Empresa Gama Serviços S.A.,34.567.890/0001-32,Fornecedor Horizonte Ltda.,11.222.333/0001-44,NF-202600089,4890.0,Comprovante de pagamento,CC-200 Administrativo,PIX,Banco Central Fictício,Pagamento de serviços de tecnologia,AUTH-63608083,2026/09-SETEMBRO/16-09/pagamentos_16-09-2026.pdf,5
CP-0090,2026-09-16,Empresa Beta Infraestrutura Ltda.,23.456.789/0001-21,Transportes Rota Sul Ltda.,44.555.666/0001-77,NF-202600090,32750.9,Comprovante de pagamento,CC-400 Logística,PIX,Banco Central Fictício,Pagamento de consultoria,AUTH-10703430,2026/09-SETEMBRO/16-09/pagamentos_16-09-2026.pdf,6
CP-0091,2026-09-17,Empresa Beta Infraestrutura Ltda.,23.456.789/0001-21,Tecnologia Nuvem Azul S.A.,55.666.777/0001-88,NF-202600091,12350.0,Comprovante de pagamento,CC-200 Administrativo,Pagamento eletrônico,Banco Horizonte,Pagamento de nota fiscal de materiais,AUTH-73401935,2026/09-SETEMBRO/17-09/pagamentos_17-09-2026.pdf,1
CP-0092,2026-09-17,Empresa Delta Participações Ltda.,45.678.901/0001-43,Locações Prime Ltda.,66.777.888/0001-99,NF-202600092,1250.0,Comprovante de pagamento,CC-400 Logística,Pagamento eletrônico,Banco Aurora,Pagamento de serviços de tecnologia,AUTH-53931305,2026/09-SETEMBRO/17-09/pagamentos_17-09-2026.pdf,2
CP-0093,2026-09-17,Empresa Delta Participações Ltda.,45.678.901/0001-43,Suprimentos Central Ltda.,88.999.000/0001-11,NF-202600093,1250.0,Comprovante de pagamento,CC-100 Obras,TED,Banco Horizonte,Pagamento de serviços de tecnologia,AUTH-59007932,2026/09-SETEMBRO/17-09/pagamentos_17-09-2026.pdf,3
CP-0094,2026-09-17,Empresa Gama Serviços S.A.,34.567.890/0001-32,Transportes Rota Sul Ltda.,44.555.666/0001-77,NF-202600094,97200.0,Comprovante de pagamento,CC-300 Tecnologia,Pagamento eletrônico,Banco Aurora,Pagamento de serviços de tecnologia,AUTH-14383721,2026/09-SETEMBRO/17-09/pagamentos_17-09-2026.pdf,4
CP-0095,2026-09-17,Empresa Beta Infraestrutura Ltda.,23.456.789/0001-21,Serviços Técnicos Orion Ltda.,33.444.555/0001-66,NF-202600095,68500.0,Comprovante de pagamento,CC-200 Administrativo,Pagamento eletrônico,Banco Horizonte,Pagamento de serviços de tecnologia,AUTH-67521327,2026/09-SETEMBRO/17-09/pagamentos_17-09-2026.pdf,5
CP-0096,2026-09-17,Empresa Alfa Engenharia S.A.,12.345.678/0001-10,Locações Prime Ltda.,66.777.888/0001-99,NF-202600096,68500.0,Comprovante de pagamento,CC-300 Tecnologia,PIX,Banco Central Fictício,Pagamento de transporte,AUTH-51709550,2026/09-SETEMBRO/17-09/pagamentos_17-09-2026.pdf,6
CP-0097,2026-09-17,Empresa Alfa Engenharia S.A.,12.345.678/0001-10,Locações Prime Ltda.,66.777.888/0001-99,NF-202600097,7250.75,Comprovante de pagamento,CC-100 Obras,TED,Banco Aurora,Pagamento de consultoria,AUTH-79403270,2026/09-SETEMBRO/17-09/pagamentos_17-09-2026.pdf,7
CP-0098,2026-09-17,Empresa Alfa Engenharia S.A.,12.345.678/0001-10,Suprimentos Central Ltda.,88.999.000/0001-11,NF-202600098,32750.9,Comprovante de pagamento,CC-400 Logística,Pagamento eletrônico,Banco Horizonte,Pagamento de serviços de tecnologia,AUTH-18605308,2026/09-SETEMBRO/17-09/pagamentos_17-09-2026.pdf,8
CP-0099,2026-09-17,Empresa Beta Infraestrutura Ltda.,23.456.789/0001-21,Serviços Técnicos Orion Ltda.,33.444.555/0001-66,NF-202600099,12350.0,Comprovante de pagamento,CC-300 Tecnologia,PIX,Banco Horizonte,Pagamento de serviços de tecnologia,AUTH-75538846,2026/09-SETEMBRO/17-09/pagamentos_17-09-2026.pdf,9
CP-0100,2026-09-18,Empresa Delta Participações Ltda.,45.678.901/0001-43,Materiais Nova Via S.A.,22.333.444/0001-55,NF-202600100,12350.0,Comprovante de pagamento,CC-100 Obras,Pagamento eletrônico,Banco Horizonte,Pagamento de serviços contratados,AUTH-22031045,2026/09-SETEMBRO/18-09/pagamentos_18-09-2026.pdf,1
CP-0101,2026-09-18,Empresa Alfa Engenharia S.A.,12.345.678/0001-10,Locações Prime Ltda.,66.777.888/0001-99,NF-202600101,4890.0,Comprovante de pagamento,CC-100 Obras,PIX,Banco Horizonte,Pagamento de nota fiscal de materiais,AUTH-96611605,2026/09-SETEMBRO/18-09/pagamentos_18-09-2026.pdf,2
CP-0102,2026-09-18,Empresa Delta Participações Ltda.,45.678.901/0001-43,Consultoria Prisma S.A.,77.888.999/0001-00,NF-202600102,24500.0,Comprovante de pagamento,CC-400 Logística,TED,Banco Aurora,Pagamento de nota fiscal de materiais,AUTH-50147844,2026/09-SETEMBRO/18-09/pagamentos_18-09-2026.pdf,3
CP-0103,2026-09-18,Empresa Épsilon Logística S.A.,56.789.012/0001-54,Consultoria Prisma S.A.,77.888.999/0001-00,NF-202600103,18790.4,Comprovante de pagamento,CC-300 Tecnologia,Transferência bancária,Banco Aurora,Pagamento de transporte,AUTH-54709869,2026/09-SETEMBRO/18-09/pagamentos_18-09-2026.pdf,4
CP-0104,2026-09-18,Empresa Épsilon Logística S.A.,56.789.012/0001-54,Serviços Técnicos Orion Ltda.,33.444.555/0001-66,NF-202600104,2380.5,Comprovante de pagamento,CC-400 Logística,TED,Banco Central Fictício,Pagamento de locação de equipamentos,AUTH-53130901,2026/09-SETEMBRO/18-09/pagamentos_18-09-2026.pdf,5
CP-0105,2026-09-18,Empresa Alfa Engenharia S.A.,12.345.678/0001-10,Transportes Rota Sul Ltda.,44.555.666/0001-77,NF-202600105,8500.0,Comprovante de pagamento,CC-300 Tecnologia,Transferência bancária,Banco Horizonte,Pagamento de serviços contratados,AUTH-91197630,2026/09-SETEMBRO/18-09/pagamentos_18-09-2026.pdf,6
CP-0106,2026-09-21,Empresa Gama Serviços S.A.,34.567.890/0001-32,Transportes Rota Sul Ltda.,44.555.666/0001-77,NF-202600106,32750.9,Comprovante de pagamento,CC-400 Logística,TED,Banco Aurora,Pagamento de serviços contratados,AUTH-54315412,2026/09-SETEMBRO/21-09/pagamentos_21-09-2026.pdf,1
CP-0107,2026-09-21,Empresa Beta Infraestrutura Ltda.,23.456.789/0001-21,Suprimentos Central Ltda.,88.999.000/0001-11,NF-202600107,32750.9,Comprovante de pagamento,CC-300 Tecnologia,PIX,Banco Aurora,Pagamento de serviços contratados,AUTH-72216595,2026/09-SETEMBRO/21-09/pagamentos_21-09-2026.pdf,2
CP-0108,2026-09-21,Empresa Delta Participações Ltda.,45.678.901/0001-43,Locações Prime Ltda.,66.777.888/0001-99,NF-202600108,24500.0,Comprovante de pagamento,CC-400 Logística,Pagamento eletrônico,Banco Horizonte,Pagamento de transporte,AUTH-49384016,2026/09-SETEMBRO/21-09/pagamentos_21-09-2026.pdf,3
CP-0109,2026-09-21,Empresa Alfa Engenharia S.A.,12.345.678/0001-10,Consultoria Prisma S.A.,77.888.999/0001-00,NF-202600109,24500.0,Comprovante de pagamento,CC-300 Tecnologia,TED,Banco Central Fictício,Pagamento de locação de equipamentos,AUTH-85672082,2026/09-SETEMBRO/21-09/pagamentos_21-09-2026.pdf,4
CP-0110,2026-09-21,Empresa Épsilon Logística S.A.,56.789.012/0001-54,Serviços Técnicos Orion Ltda.,33.444.555/0001-66,NF-202600110,7250.75,Comprovante de pagamento,CC-200 Administrativo,TED,Banco Horizonte,Pagamento de serviços de tecnologia,AUTH-78348149,2026/09-SETEMBRO/21-09/pagamentos_21-09-2026.pdf,5
CP-0111,2026-09-21,Empresa Delta Participações Ltda.,45.678.901/0001-43,Tecnologia Nuvem Azul S.A.,55.666.777/0001-88,NF-202600111,45800.0,Comprovante de pagamento,CC-300 Tecnologia,PIX,Banco Central Fictício,Pagamento de serviços contratados,AUTH-41869228,2026/09-SETEMBRO/21-09/pagamentos_21-09-2026.pdf,6
CP-0112,2026-09-21,Empresa Delta Participações Ltda.,45.678.901/0001-43,Materiais Nova Via S.A.,22.333.444/0001-55,NF-202600112,45800.0,Comprovante de pagamento,CC-100 Obras,Pagamento eletrônico,Banco Horizonte,Pagamento de transporte,AUTH-94915982,2026/09-SETEMBRO/21-09/pagamentos_21-09-2026.pdf,7
CP-0113,2026-09-21,Empresa Beta Infraestrutura Ltda.,23.456.789/0001-21,Serviços Técnicos Orion Ltda.,33.444.555/0001-66,NF-202600113,12350.0,Comprovante de pagamento,CC-200 Administrativo,PIX,Banco Horizonte,Pagamento de transporte,AUTH-30734288,2026/09-SETEMBRO/21-09/pagamentos_21-09-2026.pdf,8
CP-0114,2026-09-21,Empresa Beta Infraestrutura Ltda.,23.456.789/0001-21,Suprimentos Central Ltda.,88.999.000/0001-11,NF-202600114,8500.0,Comprovante de pagamento,CC-200 Administrativo,PIX,Banco Aurora,Pagamento de transporte,AUTH-88930937,2026/09-SETEMBRO/21-09/pagamentos_21-09-2026.pdf,9
CP-0115,2026-09-22,Empresa Alfa Engenharia S.A.,12.345.678/0001-10,Tecnologia Nuvem Azul S.A.,55.666.777/0001-88,NF-202600115,7250.75,Comprovante de pagamento,CC-100 Obras,Pagamento eletrônico,Banco Aurora,Pagamento de serviços contratados,AUTH-54699662,2026/09-SETEMBRO/22-09/pagamentos_22-09-2026.pdf,1
CP-0116,2026-09-22,Empresa Épsilon Logística S.A.,56.789.012/0001-54,Serviços Técnicos Orion Ltda.,33.444.555/0001-66,NF-202600116,12350.0,Comprovante de pagamento,CC-100 Obras,TED,Banco Aurora,Pagamento de serviços contratados,AUTH-56631220,2026/09-SETEMBRO/22-09/pagamentos_22-09-2026.pdf,2
CP-0117,2026-09-22,Empresa Beta Infraestrutura Ltda.,23.456.789/0001-21,Materiais Nova Via S.A.,22.333.444/0001-55,NF-202600117,4890.0,Comprovante de pagamento,CC-400 Logística,Pagamento eletrônico,Banco Aurora,Pagamento de serviços contratados,AUTH-84660180,2026/09-SETEMBRO/22-09/pagamentos_22-09-2026.pdf,3
CP-0118,2026-09-22,Empresa Épsilon Logística S.A.,56.789.012/0001-54,Fornecedor Horizonte Ltda.,11.222.333/0001-44,NF-202600118,45800.0,Comprovante de pagamento,CC-100 Obras,PIX,Banco Aurora,Pagamento de locação de equipamentos,AUTH-41878382,2026/09-SETEMBRO/22-09/pagamentos_22-09-2026.pdf,4
CP-0119,2026-09-22,Empresa Gama Serviços S.A.,34.567.890/0001-32,Serviços Técnicos Orion Ltda.,33.444.555/0001-66,NF-202600119,24500.0,Comprovante de pagamento,CC-300 Tecnologia,PIX,Banco Horizonte,Pagamento de serviços de tecnologia,AUTH-13026097,2026/09-SETEMBRO/22-09/pagamentos_22-09-2026.pdf,5
CP-0120,2026-09-22,Empresa Épsilon Logística S.A.,56.789.012/0001-54,Suprimentos Central Ltda.,88.999.000/0001-11,NF-202600120,8500.0,Comprovante de pagamento,CC-400 Logística,Pagamento eletrônico,Banco Central Fictício,Pagamento de serviços de tecnologia,AUTH-31437865,2026/09-SETEMBRO/22-09/pagamentos_22-09-2026.pdf,6
CP-0121,2026-09-22,Empresa Épsilon Logística S.A.,56.789.012/0001-54,Serviços Técnicos Orion Ltda.,33.444.555/0001-66,NF-202600121,7250.75,Comprovante de pagamento,CC-300 Tecnologia,PIX,Banco Central Fictício,Pagamento de serviços de tecnologia,AUTH-69195075,2026/09-SETEMBRO/22-09/pagamentos_22-09-2026.pdf,7
CP-0122,2026-09-22,Empresa Épsilon Logística S.A.,56.789.012/0001-54,Serviços Técnicos Orion Ltda.,33.444.555/0001-66,NF-202600122,68500.0,Comprovante de pagamento,CC-200 Administrativo,PIX,Banco Aurora,Pagamento de consultoria,AUTH-41191275,2026/09-SETEMBRO/22-09/pagamentos_22-09-2026.pdf,8
CP-0123,2026-09-22,Empresa Delta Participações Ltda.,45.678.901/0001-43,Materiais Nova Via S.A.,22.333.444/0001-55,NF-202600123,2380.5,Comprovante de pagamento,CC-200 Administrativo,Transferência bancária,Banco Aurora,Pagamento de serviços de tecnologia,AUTH-76954199,2026/09-SETEMBRO/22-09/pagamentos_22-09-2026.pdf,9
CP-0124,2026-09-22,Empresa Delta Participações Ltda.,45.678.901/0001-43,Transportes Rota Sul Ltda.,44.555.666/0001-77,NF-202600124,32750.9,Comprovante de pagamento,CC-400 Logística,PIX,Banco Aurora,Pagamento de serviços de tecnologia,AUTH-46004178,2026/09-SETEMBRO/22-09/pagamentos_22-09-2026.pdf,10
CP-0125,2026-09-23,Empresa Épsilon Logística S.A.,56.789.012/0001-54,Tecnologia Nuvem Azul S.A.,55.666.777/0001-88,NF-202600125,8500.0,Comprovante de pagamento,CC-200 Administrativo,PIX,Banco Aurora,Pagamento de consultoria,AUTH-35519622,2026/09-SETEMBRO/23-09/pagamentos_23-09-2026.pdf,1
CP-0126,2026-09-23,Empresa Alfa Engenharia S.A.,12.345.678/0001-10,Materiais Nova Via S.A.,22.333.444/0001-55,NF-202600126,18790.4,Comprovante de pagamento,CC-400 Logística,Transferência bancária,Banco Aurora,Pagamento de nota fiscal de materiais,AUTH-72399836,2026/09-SETEMBRO/23-09/pagamentos_23-09-2026.pdf,2
CP-0127,2026-09-23,Empresa Gama Serviços S.A.,34.567.890/0001-32,Materiais Nova Via S.A.,22.333.444/0001-55,NF-202600127,18790.4,Comprovante de pagamento,CC-100 Obras,Transferência bancária,Banco Central Fictício,Pagamento de locação de equipamentos,AUTH-13274898,2026/09-SETEMBRO/23-09/pagamentos_23-09-2026.pdf,3
CP-0128,2026-09-23,Empresa Beta Infraestrutura Ltda.,23.456.789/0001-21,Tecnologia Nuvem Azul S.A.,55.666.777/0001-88,NF-202600128,12350.0,Comprovante de pagamento,CC-400 Logística,PIX,Banco Central Fictício,Pagamento de serviços de tecnologia,AUTH-72782912,2026/09-SETEMBRO/23-09/pagamentos_23-09-2026.pdf,4
CP-0129,2026-09-23,Empresa Gama Serviços S.A.,34.567.890/0001-32,Materiais Nova Via S.A.,22.333.444/0001-55,NF-202600129,97200.0,Comprovante de pagamento,CC-400 Logística,Pagamento eletrônico,Banco Horizonte,Pagamento de transporte,AUTH-26699606,2026/09-SETEMBRO/23-09/pagamentos_23-09-2026.pdf,5
CP-0130,2026-09-23,Empresa Beta Infraestrutura Ltda.,23.456.789/0001-21,Locações Prime Ltda.,66.777.888/0001-99,NF-202600130,97200.0,Comprovante de pagamento,CC-300 Tecnologia,Transferência bancária,Banco Central Fictício,Pagamento de consultoria,AUTH-22383953,2026/09-SETEMBRO/23-09/pagamentos_23-09-2026.pdf,6
CP-0131,2026-09-23,Empresa Alfa Engenharia S.A.,12.345.678/0001-10,Fornecedor Horizonte Ltda.,11.222.333/0001-44,NF-202600131,68500.0,Comprovante de pagamento,CC-300 Tecnologia,Transferência bancária,Banco Horizonte,Pagamento de locação de equipamentos,AUTH-61995843,2026/09-SETEMBRO/23-09/pagamentos_23-09-2026.pdf,7
CP-0132,2026-09-23,Empresa Beta Infraestrutura Ltda.,23.456.789/0001-21,Serviços Técnicos Orion Ltda.,33.444.555/0001-66,NF-202600132,7250.75,Comprovante de pagamento,CC-300 Tecnologia,PIX,Banco Central Fictício,Pagamento de serviços contratados,AUTH-70816281,2026/09-SETEMBRO/23-09/pagamentos_23-09-2026.pdf,8
CP-0133,2026-09-24,Empresa Beta Infraestrutura Ltda.,23.456.789/0001-21,Transportes Rota Sul Ltda.,44.555.666/0001-77,NF-202600133,97200.0,Comprovante de pagamento,CC-300 Tecnologia,Pagamento eletrônico,Banco Aurora,Pagamento de locação de equipamentos,AUTH-44678448,2026/09-SETEMBRO/24-09/pagamentos_24-09-2026.pdf,1
CP-0134,2026-09-24,Empresa Épsilon Logística S.A.,56.789.012/0001-54,Locações Prime Ltda.,66.777.888/0001-99,NF-202600134,18790.4,Comprovante de pagamento,CC-100 Obras,Pagamento eletrônico,Banco Aurora,Pagamento de serviços de tecnologia,AUTH-73723569,2026/09-SETEMBRO/24-09/pagamentos_24-09-2026.pdf,2
CP-0135,2026-09-24,Empresa Beta Infraestrutura Ltda.,23.456.789/0001-21,Transportes Rota Sul Ltda.,44.555.666/0001-77,NF-202600135,4890.0,Comprovante de pagamento,CC-400 Logística,Transferência bancária,Banco Central Fictício,Pagamento de serviços de tecnologia,AUTH-52992890,2026/09-SETEMBRO/24-09/pagamentos_24-09-2026.pdf,3
CP-0136,2026-09-24,Empresa Alfa Engenharia S.A.,12.345.678/0001-10,Suprimentos Central Ltda.,88.999.000/0001-11,NF-202600136,12350.0,Comprovante de pagamento,CC-100 Obras,Pagamento eletrônico,Banco Aurora,Pagamento de serviços contratados,AUTH-44832317,2026/09-SETEMBRO/24-09/pagamentos_24-09-2026.pdf,4
CP-0137,2026-09-24,Empresa Beta Infraestrutura Ltda.,23.456.789/0001-21,Tecnologia Nuvem Azul S.A.,55.666.777/0001-88,NF-202600137,4890.0,Comprovante de pagamento,CC-200 Administrativo,Pagamento eletrônico,Banco Central Fictício,Pagamento de serviços de tecnologia,AUTH-31366423,2026/09-SETEMBRO/24-09/pagamentos_24-09-2026.pdf,5
CP-0138,2026-09-24,Empresa Beta Infraestrutura Ltda.,23.456.789/0001-21,Serviços Técnicos Orion Ltda.,33.444.555/0001-66,NF-202600138,4890.0,Comprovante de pagamento,CC-400 Logística,Transferência bancária,Banco Horizonte,Pagamento de consultoria,AUTH-17554161,2026/09-SETEMBRO/24-09/pagamentos_24-09-2026.pdf,6
CP-0139,2026-09-24,Empresa Delta Participações Ltda.,45.678.901/0001-43,Consultoria Prisma S.A.,77.888.999/0001-00,NF-202600139,8500.0,Comprovante de pagamento,CC-200 Administrativo,Transferência bancária,Banco Aurora,Pagamento de nota fiscal de materiais,AUTH-68808765,2026/09-SETEMBRO/24-09/pagamentos_24-09-2026.pdf,7
CP-0140,2026-09-24,Empresa Gama Serviços S.A.,34.567.890/0001-32,Materiais Nova Via S.A.,22.333.444/0001-55,NF-202600140,12350.0,Comprovante de pagamento,CC-400 Logística,PIX,Banco Horizonte,Pagamento de transporte,AUTH-82942040,2026/09-SETEMBRO/24-09/pagamentos_24-09-2026.pdf,8
CP-0141,2026-09-24,Empresa Delta Participações Ltda.,45.678.901/0001-43,Fornecedor Horizonte Ltda.,11.222.333/0001-44,NF-202600141,1250.0,Comprovante de pagamento,CC-200 Administrativo,PIX,Banco Horizonte,Pagamento de locação de equipamentos,AUTH-40745053,2026/09-SETEMBRO/24-09/pagamentos_24-09-2026.pdf,9
CP-0142,2026-09-24,Empresa Alfa Engenharia S.A.,12.345.678/0001-10,Suprimentos Central Ltda.,88.999.000/0001-11,NF-202600142,1250.0,Comprovante de pagamento,CC-200 Administrativo,Transferência bancária,Banco Aurora,Pagamento de serviços contratados,AUTH-12667242,2026/09-SETEMBRO/24-09/pagamentos_24-09-2026.pdf,10
CP-0143,2026-09-24,Empresa Alfa Engenharia S.A.,12.345.678/0001-10,Materiais Nova Via S.A.,22.333.444/0001-55,NF-202600143,32750.9,Comprovante de pagamento,CC-400 Logística,Pagamento eletrônico,Banco Central Fictício,Pagamento de transporte,AUTH-35731667,2026/09-SETEMBRO/24-09/pagamentos_24-09-2026.pdf,11
CP-0144,2026-09-24,Empresa Gama Serviços S.A.,34.567.890/0001-32,Consultoria Prisma S.A.,77.888.999/0001-00,NF-202600144,68500.0,Comprovante de pagamento,CC-200 Administrativo,PIX,Banco Aurora,Pagamento de serviços contratados,AUTH-99078311,2026/09-SETEMBRO/24-09/pagamentos_24-09-2026.pdf,12
CP-0145,2026-09-25,Empresa Épsilon Logística S.A.,56.789.012/0001-54,Transportes Rota Sul Ltda.,44.555.666/0001-77,NF-202600145,68500.0,Comprovante de pagamento,CC-300 Tecnologia,Transferência bancária,Banco Horizonte,Pagamento de locação de equipamentos,AUTH-28383102,2026/09-SETEMBRO/25-09/pagamentos_25-09-2026.pdf,1
CP-0146,2026-09-25,Empresa Épsilon Logística S.A.,56.789.012/0001-54,Consultoria Prisma S.A.,77.888.999/0001-00,NF-202600146,12350.0,Comprovante de pagamento,CC-200 Administrativo,PIX,Banco Aurora,Pagamento de serviços contratados,AUTH-59944735,2026/09-SETEMBRO/25-09/pagamentos_25-09-2026.pdf,2
CP-0147,2026-09-25,Empresa Beta Infraestrutura Ltda.,23.456.789/0001-21,Locações Prime Ltda.,66.777.888/0001-99,NF-202600147,2380.5,Comprovante de pagamento,CC-100 Obras,Pagamento eletrônico,Banco Aurora,Pagamento de serviços de tecnologia,AUTH-59652868,2026/09-SETEMBRO/25-09/pagamentos_25-09-2026.pdf,3
CP-0148,2026-09-25,Empresa Épsilon Logística S.A.,56.789.012/0001-54,Fornecedor Horizonte Ltda.,11.222.333/0001-44,NF-202600148,68500.0,Comprovante de pagamento,CC-300 Tecnologia,Pagamento eletrônico,Banco Aurora,Pagamento de serviços de tecnologia,AUTH-32989065,2026/09-SETEMBRO/25-09/pagamentos_25-09-2026.pdf,4
CP-0149,2026-09-25,Empresa Beta Infraestrutura Ltda.,23.456.789/0001-21,Tecnologia Nuvem Azul S.A.,55.666.777/0001-88,NF-202600149,68500.0,Comprovante de pagamento,CC-200 Administrativo,Pagamento eletrônico,Banco Central Fictício,Pagamento de locação de equipamentos,AUTH-93979184,2026/09-SETEMBRO/25-09/pagamentos_25-09-2026.pdf,5
CP-0150,2026-09-25,Empresa Gama Serviços S.A.,34.567.890/0001-32,Transportes Rota Sul Ltda.,44.555.666/0001-77,NF-202600150,45800.0,Comprovante de pagamento,CC-300 Tecnologia,Transferência bancária,Banco Central Fictício,Pagamento de locação de equipamentos,AUTH-44151321,2026/09-SETEMBRO/25-09/pagamentos_25-09-2026.pdf,6
CP-0151,2026-09-25,Empresa Delta Participações Ltda.,45.678.901/0001-43,Locações Prime Ltda.,66.777.888/0001-99,NF-202600151,32750.9,Comprovante de pagamento,CC-200 Administrativo,Transferência bancária,Banco Horizonte,Pagamento de locação de equipamentos,AUTH-80360910,2026/09-SETEMBRO/25-09/pagamentos_25-09-2026.pdf,7
CP-0152,2026-09-25,Empresa Alfa Engenharia S.A.,12.345.678/0001-10,Serviços Técnicos Orion Ltda.,33.444.555/0001-66,NF-202600152,4890.0,Comprovante de pagamento,CC-100 Obras,Pagamento eletrônico,Banco Horizonte,Pagamento de serviços de tecnologia,AUTH-62798184,2026/09-SETEMBRO/25-09/pagamentos_25-09-2026.pdf,8
CP-0153,2026-09-25,Empresa Delta Participações Ltda.,45.678.901/0001-43,Transportes Rota Sul Ltda.,44.555.666/0001-77,NF-202600153,7250.75,Comprovante de pagamento,CC-100 Obras,Transferência bancária,Banco Central Fictício,Pagamento de serviços contratados,AUTH-40639233,2026/09-SETEMBRO/25-09/pagamentos_25-09-2026.pdf,9
CP-0154,2026-09-25,Empresa Beta Infraestrutura Ltda.,23.456.789/0001-21,Serviços Técnicos Orion Ltda.,33.444.555/0001-66,NF-202600154,8500.0,Comprovante de pagamento,CC-400 Logística,PIX,Banco Central Fictício,Pagamento de serviços contratados,AUTH-78956055,2026/09-SETEMBRO/25-09/pagamentos_25-09-2026.pdf,10
CP-0155,2026-09-25,Empresa Delta Participações Ltda.,45.678.901/0001-43,Consultoria Prisma S.A.,77.888.999/0001-00,NF-202600155,97200.0,Comprovante de pagamento,CC-100 Obras,PIX,Banco Central Fictício,Pagamento de nota fiscal de materiais,AUTH-94996119,2026/09-SETEMBRO/25-09/pagamentos_25-09-2026.pdf,11
